,type,batch_size,total_time,average,trial
0,generator,50,9.385177850723267,0.9385177850723266,10
1,dataapi,50,9.016108274459839,0.9016108274459839,10
