,batch_size,total_time,average,trial
0,50.0,11.584855079650879,1.158485507965088,10.0
